First Name,LastName,Company Name,Role In Company,Address,email,Phone Number
Lakeshia,Fixico,NseoRfdvbdzxXBJ,Product Manager,535,Lakeshia.Fixico@NseoRfdvbdzxXBJ.com,9962324800
Brigitte,Buttitta,YCXTIoJUUDIvGRJ,Sales Manager,1057,Brigitte.Buttitta@YCXTIoJUUDIvGRJ.com,7488108312
Jaylan,Theard,gRPesSkXTGehRmM,Accountant,1408,Jaylan.Theard@gRPesSkXTGehRmM.com,7394687714
Mignon,Dua,wiBxueRfRixCBmA,Accountant,1079,Mignon.Dua@wiBxueRfRixCBmA.com,9565395239
Zella,Randels,eLanyADtfzfoHUh,Product Manager,6441,Zella.Randels@eLanyADtfzfoHUh.com,7792185962
Thekla,Eyster,begLjBGEMFwCJOz,Technical Account Manager,6245,Thekla.Eyster@begLjBGEMFwCJOz.com,7511366176
Jaylah,Cabel,AxascjVGfDQwknP,Accountant,1415,Jaylah.Cabel@AxascjVGfDQwknP.com,7649718178
Malachi,Jacobitz,TYHAcDESvxPcsON,Sales Manager,6127,Malachi.Jacobitz@TYHAcDESvxPcsON.com,9199344810
Margrett,Bell,GaziOaswYzeSidb,Sales Manager,1079,Margrett.Bell@GaziOaswYzeSidb.com,8346586298
Winton,Morang,EclINNdvzlWSGep,Presales Engineer,1057,Winton.Morang@EclINNdvzlWSGep.com,8277400387
